TOK	3539:9	length	9
TOK	3539:9	start	3539
TOK	4792:7	length	7
TOK	4792:7	start	4792
TOK	317:5	length	5
TOK	317:5	start	317
TOK	3095:7	length	7
TOK	3095:7	start	3095
TOK	2628:6	length	6
TOK	2628:6	start	2628
TOK	2898:1	length	1
TOK	2898:1	start	2898
TOK	619:6	length	6
TOK	619:6	start	619
TOK	935:2	length	2
TOK	935:2	start	935
TOK	2965:5	length	5
TOK	2965:5	start	2965
TOK	2574:3	length	3
TOK	2574:3	start	2574
POS	1	type	NN
POS	0	type	DT
POS	3	type	NN
POS	2	type	NN
TOK	773:6	length	6
TOK	773:6	start	773
TOK	33:10	length	10
TOK	33:10	start	33
TOK	3956:4	length	4
TOK	3956:4	start	3956
TOK	3423:5	length	5
TOK	3423:5	start	3423
TOK	4717:4	length	4
TOK	4717:4	start	4717
TOK	3986:3	length	3
TOK	3986:3	start	3986
TOK	3196:4	length	4
TOK	3196:4	start	3196
TOK	1972:8	length	8
TOK	1972:8	start	1972
TOK	2907:4	length	4
TOK	2907:4	start	2907
TOK	2708:4	length	4
TOK	2708:4	start	2708
TOK	1038:7	length	7
TOK	1038:7	start	1038
TOK	2317:8	length	8
TOK	2317:8	start	2317
TOK	2104:4	length	4
TOK	2104:4	start	2104
TOK	527:7	length	7
TOK	527:7	start	527
TOK	4533:7	length	7
TOK	4533:7	start	4533
TOK	2652:4	length	4
TOK	2652:4	start	2652
TOK	885:4	length	4
TOK	885:4	start	885
TOK	1651:4	length	4
TOK	1651:4	start	1651
TOK	106:4	length	4
TOK	106:4	start	106
TOK	4157:5	length	5
TOK	4157:5	start	4157
TOK	686:1	length	1
TOK	686:1	start	686
TOK	3217:9	length	9
TOK	3217:9	start	3217
TOK	3365:3	length	3
TOK	3365:3	start	3365
TOK	2365:3	length	3
TOK	2365:3	start	2365
TOK	2455:5	length	5
TOK	2455:5	start	2455
TOK	312:4	length	4
TOK	312:4	start	312
TOK	259:5	length	5
TOK	259:5	start	259
TOK	1753:3	length	3
TOK	1753:3	start	1753
TOK	4706:7	length	7
TOK	4706:7	start	4706
TOK	591:4	length	4
TOK	591:4	start	591
TOK	1933:4	length	4
TOK	1933:4	start	1933
TOK	489:7	length	7
TOK	489:7	start	489
TOK	4781:9	length	9
TOK	4781:9	start	4781
TOK	272:7	length	7
TOK	272:7	start	272
TOK	362:10	length	10
TOK	362:10	start	362
POS	7	type	NN
POS	6	type	IN
TOK	2762:7	length	7
TOK	2762:7	start	2762
POS	5	type	NN
TOK	2264:2	length	2
TOK	2264:2	start	2264
POS	4	type	IN
POS	9	type	,
POS	8	type	NN
TOK	3837:15	length	15
TOK	3837:15	start	3837
TOK	1812:3	length	3
TOK	1812:3	start	1812
TOK	4220:7	length	7
TOK	4220:7	start	4220
TOK	1197:3	length	3
TOK	1197:3	start	1197
TOK	171:6	length	6
TOK	171:6	start	171
TOK	4079:4	length	4
TOK	4079:4	start	4079
TOK	1225:4	length	4
TOK	1225:4	start	1225
TOK	997:4	length	4
TOK	997:4	start	997
TOK	1271:10	length	10
TOK	1271:10	start	1271
POS	473	type	NN
POS	474	type	NN
POS	475	type	NN
POS	476	type	NN
POS	470	type	NN
POS	471	type	NN
POS	472	type	NN
TOK	323:2	length	2
TOK	323:2	start	323
TOK	3656:8	length	8
TOK	3656:8	start	3656
POS	467	type	"
POS	466	type	DT
POS	469	type	.
POS	468	type	NN
TOK	1474:14	length	14
TOK	1474:14	start	1474
TOK	647:11	length	11
TOK	647:11	start	647
TOK	3619:9	length	9
TOK	3619:9	start	3619
POS	486	type	NN
POS	487	type	NN
POS	484	type	NN
POS	485	type	NN
POS	482	type	NN
POS	483	type	'
POS	480	type	NN
POS	481	type	NN
POS	479	type	NN
POS	478	type	DT
TOK	3558:3	length	3
TOK	3558:3	start	3558
POS	477	type	NN
TOK	4668:4	length	4
TOK	4668:4	start	4668
TOK	2068:4	length	4
TOK	2068:4	start	2068
TOK	3611:7	length	7
TOK	3611:7	start	3611
TOK	481:1	length	1
TOK	481:1	start	481
TOK	132:2	length	2
TOK	132:2	start	132
POS	450	type	NN
POS	451	type	NN
POS	452	type	NN
POS	453	type	NN
POS	454	type	DT
POS	445	type	NN
POS	444	type	SYM
POS	447	type	NN
TOK	2912:5	length	5
TOK	2912:5	start	2912
POS	446	type	NN
POS	449	type	IN
POS	448	type	NN
TOK	1742:4	length	4
TOK	1742:4	start	1742
TOK	4626:4	length	4
TOK	4626:4	start	4626
TOK	4496:3	length	3
TOK	4496:3	start	4496
POS	460	type	NN
POS	461	type	NN
TOK	1011:4	length	4
TOK	1011:4	start	1011
POS	464	type	NN
POS	465	type	NN
POS	462	type	NN
POS	463	type	P3S
POS	458	type	NN
POS	457	type	NN
POS	456	type	NN
POS	455	type	NN
POS	459	type	NN
TOK	3307:3	length	3
TOK	3307:3	start	3307
TOK	1950:9	length	9
TOK	1950:9	start	1950
TOK	914:2	length	2
TOK	914:2	start	914
TOK	3651:4	length	4
TOK	3651:4	start	3651
TOK	1286:6	length	6
TOK	1286:6	start	1286
TOK	2883:4	length	4
TOK	2883:4	start	2883
TOK	3263:4	length	4
TOK	3263:4	start	3263
TOK	1598:3	length	3
TOK	1598:3	start	1598
TOK	555:7	length	7
TOK	555:7	start	555
TOK	4346:5	length	5
TOK	4346:5	start	4346
TOK	471:1	length	1
TOK	471:1	start	471
TOK	4282:6	length	6
TOK	4282:6	start	4282
TOK	2800:9	length	9
TOK	2800:9	start	2800
POS	492	type	DT
POS	491	type	IN
TOK	1178:3	length	3
TOK	1178:3	start	1178
POS	494	type	NN
POS	493	type	NN
POS	496	type	DT
TOK	986:7	length	7
TOK	986:7	start	986
POS	495	type	NN
POS	498	type	NN
TOK	2475:4	length	4
TOK	2475:4	start	2475
POS	497	type	NN
POS	490	type	NN
TOK	1838:3	length	3
TOK	1838:3	start	1838
TOK	874:4	length	4
TOK	874:4	start	874
TOK	3259:3	length	3
TOK	3259:3	start	3259
TOK	3570:3	length	3
TOK	3570:3	start	3570
POS	488	type	PRP$
POS	489	type	NN
TOK	910:3	length	3
TOK	910:3	start	910
TOK	4361:7	length	7
TOK	4361:7	start	4361
TOK	4424:4	length	4
TOK	4424:4	start	4424
TOK	1443:4	length	4
TOK	1443:4	start	1443
POS	499	type	NN
TOK	3766:9	length	9
TOK	3766:9	start	3766
TOK	3114:2	length	2
TOK	3114:2	start	3114
TOK	103:1	length	1
TOK	103:1	start	103
TOK	897:10	length	10
TOK	897:10	start	897
TOK	840:5	length	5
TOK	840:5	start	840
TOK	2238:11	length	11
TOK	2238:11	start	2238
TOK	931:4	length	4
TOK	931:4	start	931
TOK	4604:3	length	3
TOK	4604:3	start	4604
TOK	2355:6	length	6
TOK	2355:6	start	2355
TOK	1163:3	length	3
TOK	1163:3	start	1163
TOK	1730:7	length	7
TOK	1730:7	start	1730
TOK	2395:1	length	1
TOK	2395:1	start	2395
TOK	1938:2	length	2
TOK	1938:2	start	1938
TOK	2869:4	length	4
TOK	2869:4	start	2869
TOK	1167:7	length	7
TOK	1167:7	start	1167
TOK	4194:5	length	5
TOK	4194:5	start	4194
TOK	2799:1	length	1
TOK	2799:1	start	2799
TOK	206:3	length	3
TOK	206:3	start	206
TOK	3629:11	length	11
TOK	3629:11	start	3629
TOK	1320:6	length	6
TOK	1320:6	start	1320
TOK	4465:3	length	3
TOK	4465:3	start	4465
TOK	4243:9	length	9
TOK	4243:9	start	4243
TOK	537:3	length	3
TOK	537:3	start	537
TOK	3185:10	length	10
TOK	3185:10	start	3185
TOK	2152:5	length	5
TOK	2152:5	start	2152
TOK	2662:4	length	4
TOK	2662:4	start	2662
TOK	2861:7	length	7
TOK	2861:7	start	2861
TOK	4208:7	length	7
TOK	4208:7	start	4208
TOK	939:7	length	7
TOK	939:7	start	939
TOK	4500:4	length	4
TOK	4500:4	start	4500
TOK	1247:5	length	5
TOK	1247:5	start	1247
TOK	4469:4	length	4
TOK	4469:4	start	4469
TOK	1861:8	length	8
TOK	1861:8	start	1861
TOK	1738:2	length	2
TOK	1738:2	start	1738
TOK	2696:5	length	5
TOK	2696:5	start	2696
TOK	4631:6	length	6
TOK	4631:6	start	4631
TOK	1327:6	length	6
TOK	1327:6	start	1327
TOK	1152:6	length	6
TOK	1152:6	start	1152
TOK	2734:11	length	11
TOK	2734:11	start	2734
POS	433	type	NN
TOK	851:5	length	5
TOK	851:5	start	851
POS	434	type	NN
TOK	3361:3	length	3
TOK	3361:3	start	3361
POS	435	type	NN
TOK	2657:4	length	4
TOK	2657:4	start	2657
POS	436	type	NN
POS	437	type	NN
POS	438	type	NN
POS	439	type	NN
TOK	2461:6	length	6
TOK	2461:6	start	2461
POS	441	type	NN
POS	440	type	NN
POS	443	type	NN
POS	442	type	NN
TOK	1439:2	length	2
TOK	1439:2	start	1439
TOK	1757:4	length	4
TOK	1757:4	start	1757
TOK	1021:6	length	6
TOK	1021:6	start	1021
TOK	2139:7	length	7
TOK	2139:7	start	2139
TOK	3978:6	length	6
TOK	3978:6	start	3978
POS	424	type	NN
POS	425	type	NN
POS	422	type	NN
POS	423	type	NN
POS	428	type	NN
POS	429	type	NN
POS	426	type	NN
POS	427	type	DT
TOK	417:5	length	5
TOK	417:5	start	417
POS	432	type	NN
POS	431	type	DT
POS	430	type	IN
TOK	1420:8	length	8
TOK	1420:8	start	1420
TOK	3814:8	length	8
TOK	3814:8	start	3814
TOK	2048:12	length	12
TOK	2048:12	start	2048
POS	419	type	NN
TOK	780:5	length	5
TOK	780:5	start	780
TOK	4667:1	length	1
TOK	4667:1	start	4667
POS	415	type	NN
TOK	350:3	length	3
TOK	350:3	start	350
POS	416	type	NN
POS	417	type	NN
TOK	4026:6	length	6
TOK	4026:6	start	4026
POS	418	type	NN
POS	411	type	NN
POS	412	type	NN
TOK	30:2	length	2
TOK	30:2	start	30
POS	413	type	NN
TOK	464:1	length	1
TOK	464:1	start	464
POS	414	type	NN
TOK	1062:5	length	5
TOK	1062:5	start	1062
POS	421	type	NN
POS	420	type	NN
TOK	3311:6	length	6
TOK	3311:6	start	3311
TOK	859:7	length	7
TOK	859:7	start	859
TOK	1431:7	length	7
TOK	1431:7	start	1431
TOK	3369:2	length	2
TOK	3369:2	start	3369
TOK	255:3	length	3
TOK	255:3	start	255
TOK	2526:8	length	8
TOK	2526:8	start	2526
POS	408	type	NN
POS	409	type	NN
POS	406	type	NN
POS	407	type	NN
POS	404	type	NN
POS	405	type	NN
POS	402	type	IN
POS	403	type	DT
POS	400	type	NN
POS	401	type	NN
POS	410	type	'
TOK	928:1	length	1
TOK	928:1	start	928
TOK	88:1	length	1
TOK	88:1	start	88
TOK	4084:2	length	2
TOK	4084:2	start	4084
TOK	3382:9	length	9
TOK	3382:9	start	3382
TOK	392:1	length	1
TOK	392:1	start	392
TOK	290:7	length	7
TOK	290:7	start	290
TOK	736:1	length	1
TOK	736:1	start	736
TOK	6:7	length	7
TOK	6:7	start	6
TOK	890:6	length	6
TOK	890:6	start	890
TOK	804:4	length	4
TOK	804:4	start	804
TOK	3604:6	length	6
TOK	3604:6	start	3604
TOK	1786:3	length	3
TOK	1786:3	start	1786
TOK	1016:4	length	4
TOK	1016:4	start	1016
TOK	2225:4	length	4
TOK	2225:4	start	2225
TOK	1231:8	length	8
TOK	1231:8	start	1231
TOK	3163:4	length	4
TOK	3163:4	start	3163
TOK	4521:7	length	7
TOK	4521:7	start	4521
TOK	496:1	length	1
TOK	496:1	start	496
TOK	2811:6	length	6
TOK	2811:6	start	2811
TOK	697:5	length	5
TOK	697:5	start	697
TOK	2:3	length	3
TOK	2:3	start	2
TOK	424:6	length	6
TOK	424:6	start	424
TOK	4328:7	length	7
TOK	4328:7	start	4328
TOK	800:3	length	3
TOK	800:3	start	800
TOK	1282:3	length	3
TOK	1282:3	start	1282
TOK	1362:8	length	8
TOK	1362:8	start	1362
TOK	833:1	length	1
TOK	833:1	start	833
TOK	2443:1	length	1
TOK	2443:1	start	2443
TOK	884:1	length	1
TOK	884:1	start	884
TOK	2840:2	length	2
TOK	2840:2	start	2840
TOK	4429:9	length	9
TOK	4429:9	start	4429
TOK	2535:10	length	10
TOK	2535:10	start	2535
TOK	1119:10	length	10
TOK	1119:10	start	1119
TOK	2818:14	length	14
TOK	2818:14	start	2818
TOK	1077:5	length	5
TOK	1077:5	start	1077
TOK	4555:4	length	4
TOK	4555:4	start	4555
TOK	77:4	length	4
TOK	77:4	start	77
TOK	579:11	length	11
TOK	579:11	start	579
TOK	3240:4	length	4
TOK	3240:4	start	3240
TOK	3574:1	length	1
TOK	3574:1	start	3574
TOK	2119:5	length	5
TOK	2119:5	start	2119
TOK	3245:4	length	4
TOK	3245:4	start	3245
TOK	2004:9	length	9
TOK	2004:9	start	2004
TOK	4729:4	length	4
TOK	4729:4	start	4729
TOK	1253:8	length	8
TOK	1253:8	start	1253
POS	102	type	NN
POS	101	type	NN
POS	100	type	,
TOK	1641:3	length	3
TOK	1641:3	start	1641
TOK	704:8	length	8
TOK	704:8	start	704
COREF	14	name	aunt
COREF	15	name	royal
COREF	16	name	stealing
TOK	2188:6	length	6
TOK	2188:6	start	2188
COREF	17	name	gutenberg
COREF	10	name	they
COREF	11	name	jim
COREF	12	name	clemens
TOK	59:4	length	4
TOK	59:4	start	59
COREF	13	name	chapter
TOK	908:1	length	1
TOK	908:1	start	908
TOK	3075:6	length	6
TOK	3075:6	start	3075
TOK	2897:1	length	1
TOK	2897:1	start	2897
TOK	4418:5	length	5
TOK	4418:5	start	4418
TOK	4722:6	length	6
TOK	4722:6	start	4722
TOK	670:6	length	6
TOK	670:6	start	670
TOK	2571:2	length	2
TOK	2571:2	start	2571
TOK	2893:4	length	4
TOK	2893:4	start	2893
TOK	679:7	length	7
TOK	679:7	start	679
TOK	3488:11	length	11
TOK	3488:11	start	3488
POS	124	type	NN
POS	123	type	NN
POS	122	type	NN
POS	121	type	IN
POS	120	type	NN
TOK	4696:1	length	1
TOK	4696:1	start	4696
TOK	4751:6	length	6
TOK	4751:6	start	4751
TOK	2369:12	length	12
TOK	2369:12	start	2369
TOK	2493:4	length	4
TOK	2493:4	start	2493
TOK	4149:7	length	7
TOK	4149:7	start	4149
TOK	1656:8	length	8
TOK	1656:8	start	1656
TOK	355:5	length	5
TOK	355:5	start	355
POS	118	type	NN
POS	119	type	NN
POS	116	type	NN
POS	117	type	NN
POS	114	type	NN
POS	115	type	NN
POS	111	type	NN
POS	110	type	NN
POS	113	type	NN
POS	112	type	NN
TOK	2109:9	length	9
TOK	2109:9	start	2109
POS	107	type	NN
POS	108	type	IN
POS	109	type	NN
TOK	3122:4	length	4
TOK	3122:4	start	3122
TOK	2445:9	length	9
TOK	2445:9	start	2445
POS	103	type	NN
POS	104	type	NN
POS	105	type	NN
POS	106	type	NN
POS	141	type	NN
POS	142	type	NN
TOK	3990:4	length	4
TOK	3990:4	start	3990
POS	140	type	NN
POS	145	type	NN
POS	146	type	NN
POS	143	type	NN
POS	144	type	NN
COREF	51	name	tom
POS	139	type	NN
COREF	50	name	with
POS	138	type	NN
COREF	53	name	miss
POS	137	type	NN
COREF	52	name	around
POS	136	type	NN
TOK	2362:2	length	2
TOK	2362:2	start	2362
POS	130	type	NN
TOK	455:6	length	6
TOK	455:6	start	455
POS	131	type	NN
POS	132	type	NN
POS	133	type	NN
POS	134	type	NN
POS	135	type	NN
COREF	42	name	judge
POS	126	type	NN
COREF	41	name	robbers
POS	125	type	NN
COREF	40	name	escape
TOK	2339:12	length	12
TOK	2339:12	start	2339
TOK	1923:4	length	4
TOK	1923:4	start	1923
POS	128	type	NN
POS	127	type	'
TOK	601:8	length	8
TOK	601:8	start	601
POS	129	type	NN
COREF	49	name	jane
COREF	48	name	town
COREF	47	name	mark
COREF	46	name	huck
TOK	1489:6	length	6
TOK	1489:6	start	1489
COREF	45	name	finn
TOK	2833:6	length	6
TOK	2833:6	start	2833
COREF	44	name	old
COREF	43	name	twain
TOK	1111:7	length	7
TOK	1111:7	start	1111
COREF	29	name	huckleberry
POS	160	type	NN
POS	167	type	NN
POS	168	type	NN
POS	165	type	SYM
POS	166	type	IN
POS	163	type	NN
TOK	4067:3	length	3
TOK	4067:3	start	4067
POS	164	type	NN
POS	161	type	NN
POS	162	type	DT
TOK	2961:3	length	3
TOK	2961:3	start	2961
COREF	31	name	good
POS	159	type	NN
COREF	30	name	raft
POS	158	type	NN
COREF	33	name	explains
COREF	32	name	duke
COREF	35	name	complete
COREF	34	name	lightning
COREF	37	name	went
COREF	36	name	the
COREF	39	name	king
COREF	38	name	information
TOK	692:4	length	4
TOK	692:4	start	692
COREF	18	name	them
COREF	19	name	plans
TOK	151:2	length	2
TOK	151:2	start	151
TOK	2900:6	length	6
TOK	2900:6	start	2900
TOK	2770:3	length	3
TOK	2770:3	start	2770
POS	154	type	NN
POS	155	type	NN
POS	156	type	NN
TOK	3463:2	length	2
TOK	3463:2	start	3463
POS	157	type	SYM
POS	150	type	NN
POS	151	type	NN
POS	152	type	NN
POS	153	type	'
COREF	20	name	ebook
POS	148	type	NN
POS	147	type	DT
POS	149	type	NN
COREF	24	name	from
COREF	23	name	watson
COREF	22	name	this
COREF	21	name	last
COREF	28	name	campmeeting
COREF	27	name	sinking
COREF	26	name	away
COREF	25	name	huck
POS	570	type	NN
POS	571	type	NN
POS	572	type	NN
POS	573	type	NN
POS	574	type	NN
POS	575	type	NN
TOK	1912:2	length	2
TOK	1912:2	start	1912
TOK	1311:1	length	1
TOK	1311:1	start	1311
POS	184	type	NN
POS	183	type	DT
POS	186	type	NN
POS	185	type	NN
POS	188	type	NN
POS	187	type	NN
POS	189	type	'
POS	566	type	NN
TOK	1879:9	length	9
TOK	1879:9	start	1879
POS	565	type	NN
POS	568	type	NN
POS	567	type	NN
POS	180	type	NN
POS	569	type	NN
POS	182	type	CC
POS	181	type	NN
POS	581	type	NN
POS	582	type	NN
POS	580	type	NN
POS	585	type	CC
POS	586	type	NN
POS	583	type	NN
POS	584	type	RB
TOK	2875:1	length	1
TOK	2875:1	start	2875
POS	169	type	NN
TOK	3180:4	length	4
TOK	3180:4	start	3180
TOK	466:4	length	4
TOK	466:4	start	466
POS	175	type	'
POS	174	type	NN
POS	173	type	NN
TOK	1928:4	length	4
TOK	1928:4	start	1928
POS	172	type	IN
TOK	867:3	length	3
TOK	867:3	start	867
POS	179	type	NN
POS	178	type	NN
POS	177	type	NN
POS	176	type	NN
POS	579	type	NN
POS	578	type	NN
POS	577	type	NN
TOK	221:1	length	1
TOK	221:1	start	221
POS	576	type	NN
TOK	1182:5	length	5
TOK	1182:5	start	1182
POS	171	type	CD
POS	170	type	"
POS	594	type	NN
POS	595	type	NN
POS	596	type	NN
TOK	835:4	length	4
TOK	835:4	start	835
POS	597	type	DT
POS	590	type	DT
POS	591	type	NN
POS	592	type	NN
POS	593	type	DT
TOK	2713:1	length	1
TOK	2713:1	start	2713
TOK	1842:9	length	9
TOK	1842:9	start	1842
POS	588	type	NN
POS	587	type	NN
TOK	2161:9	length	9
TOK	2161:9	start	2161
TOK	1387:1	length	1
TOK	1387:1	start	1387
POS	589	type	NN
POS	199	type	VBD
POS	198	type	P3S
POS	197	type	NN
POS	196	type	NN
POS	195	type	NN
TOK	820:5	length	5
TOK	820:5	start	820
POS	194	type	NN
POS	193	type	NN
POS	192	type	NN
POS	191	type	NN
POS	190	type	NN
POS	599	type	NN
POS	598	type	NN
TOK	3105:3	length	3
TOK	3105:3	start	3105
TOK	2217:7	length	7
TOK	2217:7	start	2217
TOK	1462:4	length	4
TOK	1462:4	start	1462
TOK	65:8	length	8
TOK	65:8	start	65
TOK	24:5	length	5
TOK	24:5	start	24
TOK	4272:7	length	7
TOK	4272:7	start	4272
TOK	4689:6	length	6
TOK	4689:6	start	4689
TOK	643:2	length	2
TOK	643:2	start	643
TOK	4164:4	length	4
TOK	4164:4	start	4164
TOK	2781:4	length	4
TOK	2781:4	start	2781
TOK	3347:3	length	3
TOK	3347:3	start	3347
TOK	3564:5	length	5
TOK	3564:5	start	3564
TOK	3059:5	length	5
TOK	3059:5	start	3059
TOK	917:3	length	3
TOK	917:3	start	917
TOK	2230:4	length	4
TOK	2230:4	start	2230
TOK	1394:4	length	4
TOK	1394:4	start	1394
TOK	4510:2	length	2
TOK	4510:2	start	4510
TOK	2702:5	length	5
TOK	2702:5	start	2702
TOK	236:2	length	2
TOK	236:2	start	236
TOK	2778:2	length	2
TOK	2778:2	start	2778
TOK	3055:3	length	3
TOK	3055:3	start	3055
TOK	3752:9	length	9
TOK	3752:9	start	3752
TOK	4613:10	length	10
TOK	4613:10	start	4613
TOK	1175:2	length	2
TOK	1175:2	start	1175
TOK	816:3	length	3
TOK	816:3	start	816
TOK	2036:11	length	11
TOK	2036:11	start	2036
TOK	4139:7	length	7
TOK	4139:7	start	4139
TOK	1645:5	length	5
TOK	1645:5	start	1645
TOK	2407:7	length	7
TOK	2407:7	start	2407
TOK	921:7	length	7
TOK	921:7	start	921
TOK	2125:3	length	3
TOK	2125:3	start	2125
TOK	4703:2	length	2
TOK	4703:2	start	4703
TOK	872:1	length	1
TOK	872:1	start	872
TOK	2687:2	length	2
TOK	2687:2	start	2687
TOK	3067:7	length	7
TOK	3067:7	start	3067
TOK	449:4	length	4
TOK	449:4	start	449
TOK	4474:7	length	7
TOK	4474:7	start	4474
POS	16	type	NN
POS	519	type	"
TOK	3037:4	length	4
TOK	3037:4	start	3037
TOK	4548:5	length	5
TOK	4548:5	start	4548
POS	15	type	NN
POS	518	type	NN
TOK	845:1	length	1
TOK	845:1	start	845
POS	18	type	NN
POS	17	type	NN
TOK	3440:3	length	3
TOK	3440:3	start	3440
POS	19	type	NN
TOK	1906:4	length	4
TOK	1906:4	start	1906
TOK	4396:7	length	7
TOK	4396:7	start	4396
POS	511	type	NN
POS	510	type	CC
POS	513	type	NN
POS	512	type	NN
POS	515	type	NN
POS	514	type	DT
POS	517	type	NN
POS	516	type	IN
TOK	166:4	length	4
TOK	166:4	start	166
TOK	4200:5	length	5
TOK	4200:5	start	4200
POS	520	type	DT
TOK	2387:4	length	4
TOK	2387:4	start	2387
POS	10	type	NN
TOK	2661:1	length	1
TOK	2661:1	start	2661
TOK	1832:5	length	5
TOK	1832:5	start	1832
POS	11	type	NN
POS	12	type	NN
POS	13	type	NN
POS	14	type	NN
TOK	739:10	length	10
TOK	739:10	start	739
POS	509	type	NN
POS	508	type	NN
POS	507	type	,
TOK	82:5	length	5
TOK	82:5	start	82
POS	502	type	NN
POS	501	type	NN
POS	500	type	DT
POS	506	type	NN
TOK	162:3	length	3
TOK	162:3	start	162
POS	505	type	IN
POS	504	type	NN
POS	503	type	NN
TOK	929:1	length	1
TOK	929:1	start	929
TOK	4131:7	length	7
TOK	4131:7	start	4131
TOK	4612:1	length	1
TOK	4612:1	start	4612
TOK	3444:4	length	4
TOK	3444:4	start	3444
POS	536	type	NN
POS	537	type	NN
POS	538	type	NN
POS	539	type	NN
POS	532	type	NN
POS	533	type	NN
POS	534	type	NN
POS	535	type	NN
TOK	3478:9	length	9
TOK	3478:9	start	3478
TOK	4033:4	length	4
TOK	4033:4	start	4033
TOK	4128:2	length	2
TOK	4128:2	start	4128
TOK	4389:6	length	6
TOK	4389:6	start	4389
POS	37	type	NN
POS	38	type	NN
POS	39	type	P3S
TOK	307:4	length	4
TOK	307:4	start	307
POS	34	type	NN
POS	33	type	NN
TOK	788:7	length	7
TOK	788:7	start	788
POS	36	type	P2S
TOK	210:3	length	3
TOK	210:3	start	210
TOK	3726:11	length	11
TOK	3726:11	start	3726
POS	35	type	NN
TOK	194:10	length	10
TOK	194:10	start	194
POS	30	type	CC
POS	32	type	NN
POS	31	type	IN
POS	540	type	NN
TOK	154:2	length	2
TOK	154:2	start	154
POS	542	type	NN
POS	541	type	NN
TOK	1817:11	length	11
TOK	1817:11	start	1817
TOK	3641:2	length	2
TOK	3641:2	start	3641
POS	527	type	NN
POS	528	type	NN
POS	525	type	NN
POS	526	type	IN
POS	523	type	NN
POS	524	type	NN
TOK	2267:7	length	7
TOK	2267:7	start	2267
POS	521	type	NN
TOK	1058:3	length	3
TOK	1058:3	start	1058
POS	522	type	NN
POS	28	type	NN
TOK	228:2	length	2
TOK	228:2	start	228
POS	29	type	NN
POS	529	type	NN
POS	26	type	NN
POS	27	type	IN
POS	25	type	NN
POS	24	type	IN
TOK	4639:4	length	4
TOK	4639:4	start	4639
POS	23	type	NN
POS	22	type	DT
POS	21	type	NN
POS	20	type	NN
POS	531	type	NNP
TOK	3909:3	length	3
TOK	3909:3	start	3909
POS	530	type	IN
POS	554	type	NN
POS	555	type	NN
POS	556	type	NN
POS	557	type	NN
POS	558	type	DT
POS	559	type	NN
TOK	3586:7	length	7
TOK	3586:7	start	3586
TOK	3250:8	length	8
TOK	3250:8	start	3250
TOK	1050:2	length	2
TOK	1050:2	start	1050
POS	59	type	NN
TOK	1747:5	length	5
TOK	1747:5	start	1747
TOK	4385:3	length	3
TOK	4385:3	start	4385
POS	52	type	IN
POS	51	type	NN
POS	54	type	NN
TOK	3995:5	length	5
TOK	3995:5	start	3995
POS	53	type	DT
POS	56	type	NN
POS	55	type	NN
POS	58	type	IN
POS	57	type	NN
POS	560	type	VBD
POS	562	type	NN
POS	561	type	NN
POS	564	type	NN
POS	50	type	DT
POS	563	type	NN
POS	545	type	NN
POS	546	type	NN
POS	543	type	NN
TOK	2303:7	length	7
TOK	2303:7	start	2303
POS	544	type	DT
POS	549	type	NN
POS	547	type	NN
POS	548	type	IN
POS	48	type	P3S
POS	49	type	NN
TOK	768:4	length	4
TOK	768:4	start	768
POS	43	type	RB
POS	42	type	P3S
POS	41	type	NN
TOK	3940:2	length	2
TOK	3940:2	start	3940
POS	40	type	,
POS	47	type	NN
POS	46	type	SYM
POS	45	type	NN
POS	44	type	NN
TOK	265:2	length	2
TOK	265:2	start	265
TOK	4299:3	length	3
TOK	4299:3	start	4299
POS	553	type	NN
POS	552	type	DT
TOK	3510:5	length	5
TOK	3510:5	start	3510
POS	551	type	IN
POS	550	type	NN
POS	71	type	NN
POS	72	type	NN
TOK	4623:1	length	1
TOK	4623:1	start	4623
POS	70	type	IN
TOK	3168:4	length	4
TOK	3168:4	start	3168
POS	79	type	NN
POS	77	type	NN
TOK	4459:5	length	5
TOK	4459:5	start	4459
POS	78	type	NN
TOK	2277:7	length	7
TOK	2277:7	start	2277
POS	75	type	NN
POS	76	type	NN
POS	73	type	,
POS	74	type	NN
TOK	1589:8	length	8
TOK	1589:8	start	1589
TOK	809:6	length	6
TOK	809:6	start	809
TOK	3409:4	length	4
TOK	3409:4	start	3409
TOK	423:1	length	1
TOK	423:1	start	423
POS	60	type	NN
POS	61	type	NN
TOK	1496:2	length	2
TOK	1496:2	start	1496
TOK	4586:3	length	3
TOK	4586:3	start	4586
POS	66	type	NN
POS	67	type	NN
POS	68	type	NN
POS	69	type	NN
POS	62	type	NN
POS	63	type	IN
POS	64	type	NN
POS	65	type	NN
TOK	4010:6	length	6
TOK	4010:6	start	4010
TOK	3856:8	length	8
TOK	3856:8	start	3856
TOK	3271:8	length	8
TOK	3271:8	start	3271
TOK	239:2	length	2
TOK	239:2	start	239
TOK	298:8	length	8
TOK	298:8	start	298
TOK	2647:4	length	4
TOK	2647:4	start	2647
TOK	3351:4	length	4
TOK	3351:4	start	3351
POS	90	type	NN
POS	93	type	NN
POS	94	type	NN
POS	91	type	NN
TOK	438:1	length	1
TOK	438:1	start	438
TOK	1521:4	length	4
TOK	1521:4	start	1521
POS	92	type	NN
POS	97	type	NN
POS	98	type	NN
TOK	2235:2	length	2
TOK	2235:2	start	2235
POS	95	type	NN
POS	96	type	NN
POS	99	type	NN
TOK	2099:4	length	4
TOK	2099:4	start	2099
TOK	3415:7	length	7
TOK	3415:7	start	3415
TOK	3401:7	length	7
TOK	3401:7	start	3401
TOK	4590:6	length	6
TOK	4590:6	start	4590
TOK	4664:3	length	3
TOK	4664:3	start	4664
TOK	1889:6	length	6
TOK	1889:6	start	1889
POS	80	type	NN
POS	81	type	NN
POS	82	type	NN
POS	83	type	NN
TOK	2095:3	length	3
TOK	2095:3	start	2095
POS	84	type	NN
POS	85	type	NN
TOK	4110:11	length	11
TOK	4110:11	start	4110
POS	86	type	NN
POS	87	type	NN
TOK	3392:6	length	6
TOK	3392:6	start	3392
POS	88	type	,
POS	89	type	NN
TOK	550:4	length	4
TOK	550:4	start	550
TOK	1548:6	length	6
TOK	1548:6	start	1548
TOK	510:4	length	4
TOK	510:4	start	510
TOK	508:1	length	1
TOK	508:1	start	508
TOK	951:4	length	4
TOK	951:4	start	951
TOK	412:4	length	4
TOK	412:4	start	412
TOK	3092:2	length	2
TOK	3092:2	start	3092
TOK	4738:6	length	6
TOK	4738:6	start	4738
TOK	1526:10	length	10
TOK	1526:10	start	1526
TOK	1994:9	length	9
TOK	1994:9	start	1994
TOK	1627:8	length	8
TOK	1627:8	start	1627
TOK	4734:3	length	3
TOK	4734:3	start	4734
TOK	1201:4	length	4
TOK	1201:4	start	1201
TOK	3594:6	length	6
TOK	3594:6	start	3594
TOK	1399:4	length	4
TOK	1399:4	start	1399
TOK	340:9	length	9
TOK	340:9	start	340
TOK	2195:8	length	8
TOK	2195:8	start	2195
TOK	2083:11	length	11
TOK	2083:11	start	2083
TOK	4653:4	length	4
TOK	4653:4	start	4653
TOK	3762:3	length	3
TOK	3762:3	start	3762
TOK	111:5	length	5
TOK	111:5	start	111
TOK	1467:6	length	6
TOK	1467:6	start	1467
TOK	1390:3	length	3
TOK	1390:3	start	1390
TOK	181:12	length	12
TOK	181:12	start	181
TOK	1004:6	length	6
TOK	1004:6	start	1004
TOK	1691:7	length	7
TOK	1691:7	start	1691
TOK	4685:3	length	3
TOK	4685:3	start	4685
TOK	1555:9	length	9
TOK	1555:9	start	1555
TOK	3829:7	length	7
TOK	3829:7	start	3829
TOK	373:2	length	2
TOK	373:2	start	373
TOK	947:2	length	2
TOK	947:2	start	947
TOK	4308:6	length	6
TOK	4308:6	start	4308
TOK	3602:1	length	1
TOK	3602:1	start	3602
TOK	3868:4	length	4
TOK	3868:4	start	3868
TOK	689:2	length	2
TOK	689:2	start	689
TOK	404:6	length	6
TOK	404:6	start	404
TOK	3527:11	length	11
TOK	3527:11	start	3527
TOK	3823:5	length	5
TOK	3823:5	start	3823
TOK	2488:4	length	4
TOK	2488:4	start	2488
TOK	2669:7	length	7
TOK	2669:7	start	2669
TOK	1766:3	length	3
TOK	1766:3	start	1766
TOK	1774:5	length	5
TOK	1774:5	start	1774
TOK	242:3	length	3
TOK	242:3	start	242
TOK	3700:3	length	3
TOK	3700:3	start	3700
TOK	3268:2	length	2
TOK	3268:2	start	3268
TOK	547:2	length	2
TOK	547:2	start	547
TOK	3127:7	length	7
TOK	3127:7	start	3127
TOK	498:7	length	7
TOK	498:7	start	498
TOK	2315:1	length	1
TOK	2315:1	start	2315
TOK	1569:5	length	5
TOK	1569:5	start	1569
TOK	246:2	length	2
TOK	246:2	start	246
TOK	2311:3	length	3
TOK	2311:3	start	2311
TOK	4280:1	length	1
TOK	4280:1	start	4280
TOK	2352:2	length	2
TOK	2352:2	start	2352
TOK	1565:3	length	3
TOK	1565:3	start	1565
TOK	2285:2	length	2
TOK	2285:2	start	2285
TOK	1344:2	length	2
TOK	1344:2	start	1344
TOK	3670:3	length	3
TOK	3670:3	start	3670
TOK	1404:4	length	4
TOK	1404:4	start	1404
TOK	1456:5	length	5
TOK	1456:5	start	1456
TOK	909:1	length	1
TOK	909:1	start	909
TOK	4598:5	length	5
TOK	4598:5	start	4598
TOK	514:1	length	1
TOK	514:1	start	514
TOK	665:1	length	1
TOK	665:1	start	665
TOK	1795:6	length	6
TOK	1795:6	start	1795
TOK	1002:1	length	1
TOK	1002:1	start	1002
TOK	2435:7	length	7
TOK	2435:7	start	2435
TOK	4445:5	length	5
TOK	4445:5	start	4445
TOK	3144:5	length	5
TOK	3144:5	start	3144
POS	291	type	DT
POS	292	type	NN
TOK	3034:2	length	2
TOK	3034:2	start	3034
POS	290	type	NN
POS	295	type	NN
POS	296	type	NN
TOK	2171:3	length	3
TOK	2171:3	start	2171
POS	293	type	NN
POS	294	type	NN
POS	299	type	NN
TOK	1371:5	length	5
TOK	1371:5	start	1371
POS	297	type	NN
POS	298	type	DT
TOK	1100:10	length	10
TOK	1100:10	start	1100
TOK	4256:6	length	6
TOK	4256:6	start	4256
TOK	4352:5	length	5
TOK	4352:5	start	4352
TOK	1852:8	length	8
TOK	1852:8	start	1852
TOK	4439:5	length	5
TOK	4439:5	start	4439
TOK	2498:5	length	5
TOK	2498:5	start	2498
TOK	4451:7	length	7
TOK	4451:7	start	4451
TOK	3449:13	length	13
TOK	3449:13	start	3449
TOK	2073:9	length	9
TOK	2073:9	start	2073
POS	650	type	NN
TOK	1613:7	length	7
TOK	1613:7	start	1613
POS	651	type	NN
POS	652	type	NN
TOK	2326:8	length	8
TOK	2326:8	start	2326
POS	268	type	NN
POS	269	type	NN
TOK	1348:3	length	3
TOK	1348:3	start	1348
POS	276	type	NN
POS	275	type	NN
POS	278	type	NN
POS	277	type	NN
POS	272	type	NN
POS	271	type	NN
POS	274	type	NN
TOK	1714:5	length	5
TOK	1714:5	start	1714
POS	273	type	NN
POS	647	type	IN
POS	646	type	NN
TOK	3104:1	length	1
TOK	3104:1	start	3104
POS	649	type	NN
TOK	3041:1	length	1
TOK	3041:1	start	3041
POS	270	type	IN
POS	648	type	NN
TOK	1516:3	length	3
TOK	1516:3	start	1516
POS	643	type	NN
POS	642	type	NN
POS	645	type	NN
TOK	1310:1	length	1
TOK	1310:1	start	1310
POS	644	type	NN
POS	662	type	NN
TOK	4291:7	length	7
TOK	4291:7	start	4291
POS	663	type	NN
POS	660	type	NN
POS	661	type	NN
TOK	525:1	length	1
TOK	525:1	start	525
TOK	2608:7	length	7
TOK	2608:7	start	2608
POS	279	type	DT
POS	289	type	NN
POS	288	type	NN
POS	287	type	NN
POS	286	type	NN
TOK	2988:3	length	3
TOK	2988:3	start	2988
POS	285	type	DT
POS	284	type	NN
TOK	157:4	length	4
TOK	157:4	start	157
POS	283	type	NN
POS	282	type	NN
POS	281	type	NN
POS	659	type	NN
POS	280	type	NN
POS	658	type	NN
POS	657	type	NN
POS	656	type	NN
TOK	2690:5	length	5
TOK	2690:5	start	2690
POS	655	type	NN
POS	654	type	DT
POS	653	type	NN
POS	670	type	NN
TOK	2583:4	length	4
TOK	2583:4	start	2583
POS	671	type	NN
POS	672	type	NN
POS	673	type	NN
POS	674	type	NN
POS	246	type	DT
POS	247	type	NN
POS	248	type	NN
POS	249	type	NN
POS	250	type	NN
POS	252	type	NN
TOK	2940:3	length	3
TOK	2940:3	start	2940
POS	251	type	NN
POS	254	type	NN
POS	253	type	DT
POS	256	type	NN
TOK	268:3	length	3
TOK	268:3	start	268
POS	255	type	NN
POS	665	type	NN
POS	664	type	NN
POS	667	type	NN
TOK	14:9	length	9
TOK	14:9	start	14
POS	666	type	DT
POS	669	type	NN
POS	668	type	IN
POS	680	type	NN
POS	681	type	NN
POS	684	type	NN
POS	685	type	NN
POS	682	type	NN
POS	683	type	NN
TOK	1053:4	length	4
TOK	1053:4	start	1053
POS	259	type	NN
POS	257	type	NN
POS	258	type	NN
TOK	3049:5	length	5
TOK	3049:5	start	3049
POS	263	type	CC
POS	262	type	NN
TOK	2175:12	length	12
TOK	2175:12	start	2175
TOK	4695:1	length	1
TOK	4695:1	start	4695
POS	261	type	NN
POS	260	type	NN
TOK	2775:2	length	2
TOK	2775:2	start	2775
POS	267	type	NN
POS	266	type	NN
POS	265	type	NN
POS	264	type	DT
POS	678	type	NN
TOK	2420:5	length	5
TOK	2420:5	start	2420
POS	677	type	NN
POS	676	type	NN
POS	675	type	NN
POS	679	type	NN
POS	229	type	NN
POS	228	type	DT
TOK	2147:3	length	3
TOK	2147:3	start	2147
TOK	1452:3	length	3
TOK	1452:3	start	1452
POS	225	type	NN
POS	224	type	NN
POS	227	type	IN
POS	226	type	NN
POS	602	type	NN
POS	603	type	NN
TOK	2546:3	length	3
TOK	2546:3	start	2546
POS	604	type	NN
TOK	47:11	length	11
TOK	47:11	start	47
POS	605	type	NN
POS	600	type	NN
POS	601	type	NN
POS	231	type	DT
POS	232	type	NN
POS	233	type	NN
POS	234	type	DT
POS	606	type	NN
POS	607	type	CC
POS	608	type	NN
TOK	219:2	length	2
TOK	219:2	start	219
POS	609	type	NN
POS	230	type	NN
POS	239	type	'
POS	238	type	NN
POS	237	type	NN
POS	236	type	NN
POS	235	type	NN
POS	615	type	NN
TOK	2415:3	length	3
TOK	2415:3	start	2415
POS	616	type	NN
POS	613	type	NN
POS	614	type	DT
POS	611	type	DT
POS	612	type	NN
POS	610	type	NN
POS	244	type	NN
POS	245	type	NN
POS	242	type	NN
POS	243	type	NN
POS	619	type	DT
POS	240	type	NN
POS	241	type	NN
POS	617	type	NN
POS	618	type	NN
POS	203	type	NN
POS	202	type	NN
POS	205	type	IN
POS	204	type	NN
POS	207	type	NN
TOK	3899:9	length	9
TOK	3899:9	start	3899
POS	206	type	NN
POS	209	type	NN
POS	208	type	NN
TOK	2683:3	length	3
TOK	2683:3	start	2683
TOK	4553:1	length	1
TOK	4553:1	start	4553
POS	630	type	NN
TOK	4087:7	length	7
TOK	4087:7	start	4087
POS	620	type	NN
POS	621	type	NN
POS	622	type	NN
POS	623	type	IN
POS	624	type	NN
TOK	2468:6	length	6
TOK	2468:6	start	2468
POS	625	type	NN
POS	626	type	NN
TOK	1709:4	length	4
TOK	1709:4	start	1709
POS	627	type	NN
POS	628	type	NN
POS	629	type	NN
TOK	4216:2	length	2
TOK	4216:2	start	4216
POS	210	type	NN
POS	211	type	NN
POS	212	type	NN
POS	216	type	NN
POS	215	type	NN
POS	214	type	NN
POS	213	type	NN
POS	219	type	NN
TOK	3466:5	length	5
TOK	3466:5	start	3466
POS	218	type	DT
POS	217	type	IN
TOK	4680:3	length	3
TOK	4680:3	start	4680
POS	641	type	NN
POS	640	type	NN
TOK	2973:7	length	7
TOK	2973:7	start	2973
TOK	2512:7	length	7
TOK	2512:7	start	2512
POS	633	type	NN
POS	634	type	NN
POS	631	type	NN
POS	632	type	IN
POS	637	type	NN
POS	638	type	NN
TOK	2206:10	length	10
TOK	2206:10	start	2206
POS	635	type	NN
POS	636	type	NN
TOK	1804:7	length	7
TOK	1804:7	start	1804
POS	639	type	DT
POS	222	type	NN
POS	223	type	NN
POS	220	type	NN
POS	221	type	DT
TOK	1941:8	length	8
TOK	1941:8	start	1941
POS	201	type	NN
POS	200	type	NN
TOK	4757:1	length	1
TOK	4757:1	start	4757
TOK	2397:7	length	7
TOK	2397:7	start	2397
TOK	96:7	length	7
TOK	96:7	start	96
COREF	9	name	escaping
COREF	8	name	doctor
COREF	7	name	wreck
COREF	5	name	sawyer
COREF	6	name	leave
COREF	3	name	project
COREF	4	name	adventures
TOK	1704:4	length	4
TOK	1704:4	start	1704
COREF	1	name	running
COREF	2	name	samuel
COREF	0	name	story
TOK	4404:4	length	4
TOK	4404:4	start	4404
TOK	613:5	length	5
TOK	613:5	start	613
TOK	4560:4	length	4
TOK	4560:4	start	4560
TOK	3781:7	length	7
TOK	3781:7	start	3781
TOK	2158:2	length	2
TOK	2158:2	start	2158
TOK	3711:3	length	3
TOK	3711:3	start	3711
TOK	2847:10	length	10
TOK	2847:10	start	2847
TOK	3704:3	length	3
TOK	3704:3	start	3704
TOK	1130:6	length	6
TOK	1130:6	start	1130
TOK	1336:7	length	7
TOK	1336:7	start	1336
TOK	4017:8	length	8
TOK	4017:8	start	4017
TOK	677:1	length	1
TOK	677:1	start	677
TOK	3227:12	length	12
TOK	3227:12	start	3227
TOK	846:4	length	4
TOK	846:4	start	846
TOK	1770:3	length	3
TOK	1770:3	start	1770
TOK	2024:5	length	5
TOK	2024:5	start	2024
TOK	3719:6	length	6
TOK	3719:6	start	3719
TOK	2483:4	length	4
TOK	2483:4	start	2483
TOK	3715:3	length	3
TOK	3715:3	start	3715
TOK	2289:4	length	4
TOK	2289:4	start	2289
TOK	2922:6	length	6
TOK	2922:6	start	2922
TOK	479:2	length	2
TOK	479:2	start	479
TOK	4233:9	length	9
TOK	4233:9	start	4233
TOK	3342:3	length	3
TOK	3342:3	start	3342
TOK	1139:7	length	7
TOK	1139:7	start	1139
TOK	1790:4	length	4
TOK	1790:4	start	1790
TOK	441:7	length	7
TOK	441:7	start	441
POS	697	type	DT
TOK	2786:8	length	8
TOK	2786:8	start	2786
POS	698	type	NN
POS	699	type	NN
TOK	3116:5	length	5
TOK	3116:5	start	3116
TOK	4673:5	length	5
TOK	4673:5	start	4673
TOK	1094:5	length	5
TOK	1094:5	start	1094
TOK	2588:9	length	9
TOK	2588:9	start	2588
TOK	388:4	length	4
TOK	388:4	start	388
TOK	2382:4	length	4
TOK	2382:4	start	2382
POS	688	type	NN
POS	689	type	NN
POS	686	type	NN
POS	687	type	NN
TOK	1068:8	length	8
TOK	1068:8	start	1068
POS	692	type	NN
POS	691	type	NN
POS	690	type	NN
POS	696	type	NN
POS	695	type	NN
POS	694	type	NN
POS	693	type	NN
TOK	4746:4	length	4
TOK	4746:4	start	4746
TOK	3576:7	length	7
TOK	3576:7	start	3576
TOK	231:4	length	4
TOK	231:4	start	231
TOK	1240:2	length	2
TOK	1240:2	start	1240
TOK	1537:10	length	10
TOK	1537:10	start	1537
TOK	2520:4	length	4
TOK	2520:4	start	2520
TOK	994:1	length	1
TOK	994:1	start	994
TOK	462:2	length	2
TOK	462:2	start	462
TOK	4416:1	length	1
TOK	4416:1	start	4416
TOK	2598:7	length	7
TOK	2598:7	start	2598
TOK	1898:7	length	7
TOK	1898:7	start	1898
TOK	2955:5	length	5
TOK	2955:5	start	2955
TOK	728:7	length	7
TOK	728:7	start	728
TOK	2677:4	length	4
TOK	2677:4	start	2677
TOK	1083:7	length	7
TOK	1083:7	start	1083
TOK	3283:11	length	11
TOK	3283:11	start	3283
TOK	3943:9	length	9
TOK	3943:9	start	3943
TOK	1409:6	length	6
TOK	1409:6	start	1409
TOK	333:2	length	2
TOK	333:2	start	333
TOK	1689:1	length	1
TOK	1689:1	start	1689
TOK	3000:11	length	11
TOK	3000:11	start	3000
TOK	4044:3	length	3
TOK	4044:3	start	4044
TOK	761:6	length	6
TOK	761:6	start	761
TOK	970:13	length	13
TOK	970:13	start	970
TOK	3087:4	length	4
TOK	3087:4	start	3087
TOK	178:2	length	2
TOK	178:2	start	178
TOK	3138:5	length	5
TOK	3138:5	start	3138
TOK	3356:4	length	4
TOK	3356:4	start	3356
TOK	2616:5	length	5
TOK	2616:5	start	2616
TOK	3109:5	length	5
TOK	3109:5	start	3109
TOK	666:3	length	3
TOK	666:3	start	666
TOK	1217:7	length	7
TOK	1217:7	start	1217
TOK	2944:4	length	4
TOK	2944:4	start	2944
TOK	1262:3	length	3
TOK	1262:3	start	1262
TOK	4760:7	length	7
TOK	4760:7	start	4760
TOK	3429:5	length	5
TOK	3429:5	start	3429
TOK	3324:7	length	7
TOK	3324:7	start	3324
TOK	214:4	length	4
TOK	214:4	start	214
TOK	4529:3	length	3
TOK	4529:3	start	4529
TOK	3853:2	length	2
TOK	3853:2	start	3853
TOK	1206:8	length	8
TOK	1206:8	start	1206
TOK	1602:3	length	3
TOK	1602:3	start	1602
TOK	3880:7	length	7
TOK	3880:7	start	3880
TOK	4050:7	length	7
TOK	4050:7	start	4050
TOK	1606:4	length	4
TOK	1606:4	start	1606
TOK	2754:5	length	5
TOK	2754:5	start	2754
TOK	2255:8	length	8
TOK	2255:8	start	2255
TOK	3665:4	length	4
TOK	3665:4	start	3665
TOK	3693:5	length	5
TOK	3693:5	start	3693
TOK	4263:3	length	3
TOK	4263:3	start	4263
TOK	3961:6	length	6
TOK	3961:6	start	3961
TOK	2937:2	length	2
TOK	2937:2	start	2937
TOK	4267:4	length	4
TOK	4267:4	start	4267
TOK	3378:3	length	3
TOK	3378:3	start	3378
TOK	4644:8	length	8
TOK	4644:8	start	4644
TOK	142:8	length	8
TOK	142:8	start	142
POS	700	type	NN
POS	704	type	NN
POS	703	type	NN
POS	702	type	NN
POS	701	type	DT
POS	708	type	NN
POS	707	type	NN
POS	706	type	NN
POS	705	type	NN
TOK	2504:5	length	5
TOK	2504:5	start	2504
POS	709	type	IN
TOK	2809:2	length	2
TOK	2809:2	start	2809
TOK	3334:7	length	7
TOK	3334:7	start	3334
POS	711	type	NN
POS	710	type	NN
POS	713	type	NN
TOK	120:3	length	3
TOK	120:3	start	120
POS	712	type	NN
TOK	3012:9	length	9
TOK	3012:9	start	3012
TOK	659:4	length	4
TOK	659:4	start	659
POS	715	type	NN
POS	714	type	NN
POS	717	type	NN
POS	716	type	NN
POS	719	type	NN
POS	718	type	'
TOK	3203:7	length	7
TOK	3203:7	start	3203
TOK	241:1	length	1
TOK	241:1	start	241
TOK	1676:7	length	7
TOK	1676:7	start	1676
TOK	956:3	length	3
TOK	956:3	start	956
TOK	506:2	length	2
TOK	506:2	start	506
TOK	3932:7	length	7
TOK	3932:7	start	3932
TOK	4071:4	length	4
TOK	4071:4	start	4071
TOK	1188:8	length	8
TOK	1188:8	start	1188
TOK	610:2	length	2
TOK	610:2	start	610
TOK	3304:2	length	2
TOK	3304:2	start	3304
TOK	2442:1	length	1
TOK	2442:1	start	2442
TOK	4336:9	length	9
TOK	4336:9	start	4336
TOK	124:3	length	3
TOK	124:3	start	124
TOK	573:5	length	5
TOK	573:5	start	573
TOK	3549:8	length	8
TOK	3549:8	start	3549
TOK	3042:6	length	6
TOK	3042:6	start	3042
TOK	4253:2	length	2
TOK	4253:2	start	4253
TOK	1306:4	length	4
TOK	1306:4	start	1306
TOK	517:8	length	8
TOK	517:8	start	517
TOK	2578:4	length	4
TOK	2578:4	start	2578
TOK	2392:2	length	2
TOK	2392:2	start	2392
TOK	1621:4	length	4
TOK	1621:4	start	1621
TOK	249:5	length	5
TOK	249:5	start	249
TOK	3562:1	length	1
TOK	3562:1	start	3562
TOK	128:3	length	3
TOK	128:3	start	128
TOK	1001:1	length	1
TOK	1001:1	start	1001
TOK	3517:5	length	5
TOK	3517:5	start	3517
TOK	3708:2	length	2
TOK	3708:2	start	3708
TOK	4570:13	length	13
TOK	4570:13	start	4570
TOK	2480:2	length	2
TOK	2480:2	start	2480
TOK	3502:7	length	7
TOK	3502:7	start	3502
TOK	1293:8	length	8
TOK	1293:8	start	1293
TOK	1302:3	length	3
TOK	1302:3	start	1302
TOK	3748:3	length	3
TOK	3748:3	start	3748
TOK	2016:7	length	7
TOK	2016:7	start	2016
TOK	394:8	length	8
TOK	394:8	start	394
TOK	2635:11	length	11
TOK	2635:11	start	2635
TOK	1379:7	length	7
TOK	1379:7	start	1379
TOK	2992:7	length	7
TOK	2992:7	start	2992
TOK	1762:3	length	3
TOK	1762:3	start	1762
POS	367	type	IN
POS	368	type	NN
TOK	4541:6	length	6
TOK	4541:6	start	4541
POS	369	type	NN
TOK	1575:4	length	4
TOK	1575:4	start	1575
TOK	1580:8	length	8
TOK	1580:8	start	1580
TOK	4228:4	length	4
TOK	4228:4	start	4228
POS	786	type	NN
TOK	3372:5	length	5
TOK	3372:5	start	3372
POS	785	type	DT
TOK	2550:6	length	6
TOK	2550:6	start	2550
POS	371	type	NN
POS	370	type	NN
POS	373	type	DT
TOK	1147:3	length	3
TOK	1147:3	start	1147
POS	372	type	NN
POS	375	type	NN
POS	374	type	NN
POS	377	type	NN
POS	376	type	NN
POS	378	type	IN
TOK	2949:5	length	5
TOK	2949:5	start	2949
POS	379	type	NN
TOK	223:4	length	4
TOK	223:4	start	223
TOK	2877:5	length	5
TOK	2877:5	start	2877
POS	380	type	NN
TOK	1313:6	length	6
TOK	1313:6	start	1313
POS	384	type	NN
POS	383	type	NN
POS	382	type	IN
POS	381	type	NN
POS	388	type	NN
POS	387	type	NN
POS	386	type	NN
POS	385	type	NN
TOK	4698:4	length	4
TOK	4698:4	start	4698
TOK	2981:5	length	5
TOK	2981:5	start	2981
POS	389	type	IN
POS	770	type	NN
POS	771	type	NN
POS	772	type	NN
POS	773	type	NN
POS	768	type	NN
POS	767	type	NN
POS	391	type	NN
POS	769	type	IN
POS	390	type	DT
POS	764	type	NN
POS	763	type	NN
POS	766	type	'
POS	765	type	NN
POS	397	type	IN
POS	396	type	NN
POS	399	type	NN
POS	398	type	DT
TOK	1448:3	length	3
TOK	1448:3	start	1448
POS	393	type	DT
POS	392	type	NN
POS	395	type	NN
POS	394	type	NN
TOK	3970:7	length	7
TOK	3970:7	start	3970
POS	783	type	NN
POS	784	type	NN
POS	781	type	DT
POS	782	type	NN
POS	780	type	NN
TOK	1416:3	length	3
TOK	1416:3	start	1416
POS	779	type	NN
POS	778	type	'
POS	777	type	NN
TOK	2715:9	length	9
TOK	2715:9	start	2715
TOK	3924:4	length	4
TOK	3924:4	start	3924
POS	776	type	NN
TOK	3083:3	length	3
TOK	3083:3	start	3083
POS	775	type	NN
POS	774	type	PRP$
TOK	1870:2	length	2
TOK	1870:2	start	1870
TOK	750:4	length	4
TOK	750:4	start	750
TOK	3644:6	length	6
TOK	3644:6	start	3644
TOK	326:6	length	6
TOK	326:6	start	326
TOK	1915:7	length	7
TOK	1915:7	start	1915
POS	751	type	NN
POS	750	type	"
TOK	4379:4	length	4
TOK	4379:4	start	4379
POS	324	type	NN
POS	323	type	JJ
POS	326	type	NN
POS	325	type	NN
POS	328	type	NN
POS	327	type	NN
POS	329	type	NN
POS	749	type	DT
TOK	3280:2	length	2
TOK	3280:2	start	3280
POS	330	type	NN
POS	331	type	NN
POS	332	type	NN
POS	333	type	NN
POS	741	type	,
POS	742	type	NN
TOK	280:9	length	9
TOK	280:9	start	280
POS	743	type	NN
TOK	453:1	length	1
TOK	453:1	start	453
POS	744	type	NN
TOK	4773:7	length	7
TOK	4773:7	start	4773
POS	745	type	DT
TOK	63:1	length	1
TOK	63:1	start	63
POS	746	type	NN
TOK	3103:1	length	1
TOK	3103:1	start	3103
POS	747	type	NN
POS	748	type	CC
TOK	1266:4	length	4
TOK	1266:4	start	1266
POS	762	type	NN
POS	761	type	NN
POS	760	type	SYM
POS	337	type	NN
POS	336	type	NN
POS	335	type	NN
TOK	3805:8	length	8
TOK	3805:8	start	3805
POS	334	type	NN
TOK	717:8	length	8
TOK	717:8	start	717
POS	339	type	IN
POS	338	type	NN
POS	340	type	NN
POS	343	type	NN
POS	344	type	NN
POS	341	type	NN
POS	342	type	NN
POS	754	type	NN
POS	755	type	NN
TOK	3158:4	length	4
TOK	3158:4	start	3158
TOK	472:5	length	5
TOK	472:5	start	472
POS	752	type	"
POS	753	type	NN
POS	758	type	NN
POS	759	type	NN
TOK	3865:2	length	2
TOK	3865:2	start	3865
POS	756	type	NN
POS	757	type	RB
TOK	1352:4	length	4
TOK	1352:4	start	1352
POS	349	type	NN
POS	346	type	NN
POS	345	type	NN
POS	348	type	NN
POS	347	type	NN
POS	352	type	NN
POS	353	type	NN
TOK	3150:7	length	7
TOK	3150:7	start	3150
POS	354	type	NN
POS	355	type	NN
POS	727	type	IN
POS	728	type	NN
POS	729	type	NN
TOK	2795:3	length	3
TOK	2795:3	start	2795
TOK	2557:13	length	13
TOK	2557:13	start	2557
POS	350	type	NN
POS	351	type	NN
POS	723	type	NN
POS	724	type	NN
POS	725	type	NN
POS	726	type	NN
TOK	4608:3	length	3
TOK	4608:3	start	4608
POS	720	type	NN
POS	721	type	NN
POS	722	type	NN
POS	740	type	NN
TOK	1720:7	length	7
TOK	1720:7	start	1720
TOK	4315:6	length	6
TOK	4315:6	start	4315
TOK	4371:7	length	7
TOK	4371:7	start	4371
POS	359	type	NN
POS	358	type	NN
POS	357	type	DT
POS	356	type	NN
POS	365	type	NN
POS	366	type	NN
POS	363	type	NN
TOK	3295:8	length	8
TOK	3295:8	start	3295
POS	364	type	NN
TOK	1046:2	length	2
TOK	1046:2	start	1046
POS	361	type	NN
POS	362	type	CC
POS	738	type	NN
POS	739	type	NN
POS	360	type	NN
POS	736	type	NN
POS	737	type	DT
POS	734	type	IN
POS	735	type	NN
POS	732	type	NN
POS	733	type	IN
POS	730	type	NN
POS	731	type	DT
TOK	2129:7	length	7
TOK	2129:7	start	2129
TOK	4076:2	length	2
TOK	4076:2	start	4076
POS	300	type	NN
TOK	2250:4	length	4
TOK	2250:4	start	2250
TOK	4095:14	length	14
TOK	4095:14	start	4095
TOK	2335:3	length	3
TOK	2335:3	start	2335
TOK	1960:11	length	11
TOK	1960:11	start	1960
TOK	2061:6	length	6
TOK	2061:6	start	2061
TOK	879:5	length	5
TOK	879:5	start	879
TOK	1780:5	length	5
TOK	1780:5	start	1780
TOK	44:2	length	2
TOK	44:2	start	44
TOK	484:4	length	4
TOK	484:4	start	484
TOK	4304:3	length	3
TOK	4304:3	start	4304
TOK	4506:3	length	3
TOK	4506:3	start	4506
TOK	676:1	length	1
TOK	676:1	start	676
TOK	596:3	length	3
TOK	596:3	start	596
POS	320	type	NN
POS	322	type	NN
POS	321	type	NN
POS	312	type	DT
POS	313	type	NN
POS	314	type	NN
POS	315	type	NN
POS	316	type	DT
TOK	4415:1	length	1
TOK	4415:1	start	4415
POS	317	type	NN
POS	318	type	NN
POS	319	type	NN
TOK	3022:11	length	11
TOK	3022:11	start	3022
TOK	2725:8	length	8
TOK	2725:8	start	2725
TOK	135:6	length	6
TOK	135:6	start	135
TOK	541:5	length	5
TOK	541:5	start	541
POS	311	type	NN
POS	310	type	NN
POS	303	type	NN
POS	304	type	NN
POS	301	type	NN
POS	302	type	NN
POS	307	type	NN
POS	308	type	NN
POS	305	type	NN
POS	306	type	NN
POS	309	type	DT
TOK	1699:4	length	4
TOK	1699:4	start	1699
TOK	3918:5	length	5
TOK	3918:5	start	3918
TOK	478:1	length	1
TOK	478:1	start	478
TOK	1636:4	length	4
TOK	1636:4	start	1636
TOK	3674:8	length	8
TOK	3674:8	start	3674
TOK	2623:4	length	4
TOK	2623:4	start	2623
TOK	3173:6	length	6
TOK	3173:6	start	3173
TOK	1028:7	length	7
TOK	1028:7	start	1028
TOK	1989:4	length	4
TOK	1989:4	start	1989
TOK	360:1	length	1
TOK	360:1	start	360
TOK	2918:3	length	3
TOK	2918:3	start	2918
TOK	4409:6	length	6
TOK	4409:6	start	4409
TOK	563:9	length	9
TOK	563:9	start	563
TOK	410:1	length	1
TOK	410:1	start	410
TOK	3929:2	length	2
TOK	3929:2	start	3929
TOK	4513:7	length	7
TOK	4513:7	start	4513
TOK	2888:4	length	4
TOK	2888:4	start	2888
TOK	336:3	length	3
TOK	336:3	start	336
TOK	964:5	length	5
TOK	964:5	start	964
TOK	89:6	length	6
TOK	89:6	start	89
TOK	4488:7	length	7
TOK	4488:7	start	4488
TOK	1665:8	length	8
TOK	1665:8	start	1665
TOK	1981:7	length	7
TOK	1981:7	start	1981
TOK	431:7	length	7
TOK	431:7	start	431
TOK	4177:11	length	11
TOK	4177:11	start	4177
TOK	2426:8	length	8
TOK	2426:8	start	2426
TOK	3318:5	length	5
TOK	3318:5	start	3318
TOK	631:10	length	10
TOK	631:10	start	631
TOK	4122:5	length	5
TOK	4122:5	start	4122
TOK	1243:3	length	3
TOK	1243:3	start	1243
TOK	826:6	length	6
TOK	826:6	start	826
TOK	960:3	length	3
TOK	960:3	start	960
TOK	1873:5	length	5
TOK	1873:5	start	1873
TOK	376:11	length	11
TOK	376:11	start	376
TOK	4358:2	length	2
TOK	4358:2	start	4358
TOK	832:1	length	1
TOK	832:1	start	832
TOK	1357:4	length	4
TOK	1357:4	start	1357
TOK	74:2	length	2
TOK	74:2	start	74
TOK	4804:4	length	4
TOK	4804:4	start	4804
TOK	3873:4	length	4
TOK	3873:4	start	3873
TOK	4659:4	length	4
TOK	4659:4	start	4659
TOK	1829:2	length	2
TOK	1829:2	start	1829
TOK	2294:8	length	8
TOK	2294:8	start	2294
TOK	2204:1	length	1
TOK	2204:1	start	2204
TOK	3776:4	length	4
TOK	3776:4	start	3776
TOK	4322:5	length	5
TOK	4322:5	start	4322
TOK	3435:4	length	4
TOK	3435:4	start	3435
TOK	1091:2	length	2
TOK	1091:2	start	1091
TOK	3738:9	length	9
TOK	3738:9	start	3738
TOK	2929:7	length	7
TOK	2929:7	start	2929
TOK	3523:3	length	3
TOK	3523:3	start	3523
TOK	4800:3	length	3
TOK	4800:3	start	4800
TOK	2746:7	length	7
TOK	2746:7	start	2746
TOK	3799:4	length	4
TOK	3799:4	start	3799
TOK	3895:3	length	3
TOK	3895:3	start	3895
TOK	2843:3	length	3
TOK	2843:3	start	2843
TOK	4058:7	length	7
TOK	4058:7	start	4058
TOK	3135:2	length	2
TOK	3135:2	start	3135
TOK	1159:3	length	3
TOK	1159:3	start	1159
TOK	3888:5	length	5
TOK	3888:5	start	3888
TOK	3953:2	length	2
TOK	3953:2	start	3953
TOK	755:5	length	5
TOK	755:5	start	755
TOK	4758:1	length	1
TOK	4758:1	start	4758
TOK	1499:6	length	6
TOK	1499:6	start	1499
TOK	4189:4	length	4
TOK	4189:4	start	4189
TOK	1508:7	length	7
TOK	1508:7	start	1508
TOK	1684:3	length	3
TOK	1684:3	start	1684
TOK	4001:8	length	8
TOK	4001:8	start	4001
TOK	3472:5	length	5
TOK	3472:5	start	3472
TOK	796:2	length	2
TOK	796:2	start	796
TOK	3211:4	length	4
TOK	3211:4	start	3211
TOK	3685:7	length	7
TOK	3685:7	start	3685
TOK	3791:7	length	7
TOK	3791:7	start	3791
TOK	2031:3	length	3
TOK	2031:3	start	2031
TOK	4038:5	length	5
TOK	4038:5	start	4038
TOK	117:2	length	2
TOK	117:2	start	117
TOK	4769:3	length	3
TOK	4769:3	start	4769
TOK	4169:7	length	7
TOK	4169:7	start	4169
TOK	3913:4	length	4
TOK	3913:4	start	3913
